한글 이름,영문 이름,제품 설명,제품 영양 정보,1회 제공량(kcal),포화지방(g),단백질(g),지방(g),트랜스지방(g),나트륨(mg),당류(g),카페인(mg),콜레스테롤(mg),탄수화물(g)
나이트로 바닐라 크림,Nitro Vanilla Cream,부드러운 목넘김의 나이트로 커피와 바닐라 크림의 매력을 한번에 느껴보세요!,Tall(톨) /355ml,80,2,1,2.7,0,40,10,232,5,10
나이트로 콜드 브루,Nitro Cold Brew,(나이트로 콜드 브루 매장 한정)나이트로 커피 정통의 캐스케이딩과 부드러운 콜드 크레마!부드러운 목 넘김과 완벽한 밸런스에 커피 본연의 단맛을 경험할 수 있습니다.,Tall(톨) /355ml,5,0,0,0,0,5,0,245,0,0
돌체 콜드 브루,Dolce Cold Brew,"무더운 여름철,동남아 휴가지에서 즐기는 커피를 떠오르게 하는스타벅스 음료의 베스트 x 베스트 조합인돌체 콜드 브루를 만나보세요!",Tall(톨) /355ml,220,6,6,10,0,80,22,155,20,24
리저브 나이트로,Reserve Nitro,나이트로 커피 정통의 캐스케이딩과 부드러운 콜드 크레마!부드러운 목 넘김과 완벽한 밸런스에 커피 본연의 단맛을 경험할 수 있습니다.,Tall(톨) /355ml,5,0,0,0,0,0,0,190,0,0
리저브 콜드 브루,Reserve Cold Brew,리저브 커피 마스터의 정성으로 차갑게 추출한 깊고 부드러운 풍미의 커피,Tall(톨) /355ml,5,0,0,0,0,0,0,190,0,0
막걸리향 크림 콜드 브루,Rice Cream Cold Brew,"산에서 만날 수 있는 특별한 경험을 모티브로해 달콤, 향긋한 비알코올 막걸리 향 크림과 고소한 쌀 토핑으로 즐길 수 있는 콜드 브루",Tall(톨) /355ml,300,13,3,16,0,65,32,53,10,35
민트 콜드 브루,Mint Cold Brew,상쾌한 민트향 시럽과 잘게 갈린 얼음이어우러져 시원함이 강렬하게 느껴지는 리저브만의콜드 브루 음료,Grande(그란데) /473ml,100,0,0,0,0,0,23,415,0,24
바닐라 크림 콜드 브루,Vanilla Cream Cold Brew,콜드 브루에 더해진 바닐라 크림으로 깔끔하면서 달콤한 콜드 브루를 새롭게 즐길 수 있는 음료입니다.,Tall(톨) /355ml,125,6,3,8,0,58,11,155,10,11
베르가못 콜드 브루,Bergamot Cold Brew,은은하게 퍼지는 플로럴 향과 베르가못의 화사하고 우아한 시트러스 맛이 느껴지는 부드러운 콜드 브루,,125,1.7,3,2.9,0,45,22,90,10,22
블랙&화이트 콜드 브루,Black&White Cold Brew,리저브 콜드 브루와 하우스 메이드 바닐라 빈 크림이 어우러진 아인슈페너 음료,Tall(톨) /355ml,175,12,1,14,0,70,12,190,5,12
스모크드 콜드 패션드,Smoked Cold Fashioned,스모키한 위스키의 풍미와 초콜릿 풍미의 리저브 커피가 어우러진 칵테일처럼 즐기는 콜드 브루 음료,Tall(톨) /355ml,30,0,0,0,0,0,6,135,0,5
시그니처 더 블랙 콜드 브루,Signature The Black Cold Brew,콜드 브루 전용 원두를 차가운 물로 매장에서 직접추출하여 부드럽고 진한 풍미의 콜드브루를언제 어디서나 편하게 즐겨보세요 (전용 보틀 /500ml),Bottle(보틀) /500ml,25,0,0,0,0,50,0,680,0,0
여수 윤슬 헤이즐넛 콜드브루,Yeosu Shining Hazelnut Cold Brew,"햇빛이나 달빛에 비치어 반짝이는 잔물결이라는""윤슬""을 형상화한 헤이즐넛 콜드브루",,240,9,5,12,0,80,27,53,15,28
오트 콜드 브루,Oat Cold Brew,콜드 브루의 풍미와 깔끔한 오트음료(식물성 대체유)가 어우러진 달콤 고소한 라떼.식물성 대체유를 사용해 모든 고객이 부담없이 즐길 수 있는 콜드 브루 음료,Tall(톨) /355ml,120,0.3,1,3.6,0,95,14,65,0,20
제주 비자림 리저브 콜드 브루,Jeju Forest Reserve Cold Brew,리저브 콜드브루에 말차 돌체 베이스를 추가하여 제주 천년의 숲 비자림을 표현한 음료,Grande(그란데) /473ml,205,4.1,8,7,0,100,26,250,20,28
콜드 브루,Cold Brew,스타벅스 바리스타의 정성으로 만들어진 콜드브루! 콜드브루 전용 원료로 정교하게 완성된 부드러운 산미와 깊은 바디감의 초콜릿 풍미 커피,Tall(톨) /355ml,5,0,0,0,0,11,0,155,0,0
콜드 브루,Cold Brew,스타벅스 바리스타의 정성으로 탄생한 콜드 브루!콜드 브루 전용 원두를 차가운 물로 추출하여 한정된 양만 제공됩니다.실크같이 부드럽고 그윽한 초콜릿 풍미의 콜드 브루를 만나보세요!,Trenta(트렌타) /887ml,5,0,0,0,0,25,0,360,0,0
콜드 브루 몰트,Cold Brew Malt,"[리저브 전용음료] 리저브 콜드 브루, 바닐라 아이스크림, 몰트가 블렌딩된 리저브만의 쉐이크",Tall(톨) /355ml,505,20,7,30,0,150,41,190,40,51
콜드 브루 플로트,Cold Brew Float,[리저브 전용음료] 리저브 콜드 브루 위에 녹아 내리는 한 스쿱의 바닐라 아이스크림,Tall(톨) /355ml,225,10,3,15,0,70,18,190,20,21
브루드 커피,Brewed Coffee,"시즌에 어울리는 원두 종류를 선정하여 신선하게 브루드(Brewed)되어 제공되는 드립커피로, 원두 커피의 풍부한 맛과 향을 따뜻하게 즐기실 수 있습니다.",Tall(톨) /355ml,5,0,0,0,0,15,0,260,0,0
아이스 브루드 커피,Iced Brewed Coffee,"시즌에 어울리는 원두 종류를 선정하여 드립 방식으로 추출한 후 얼음과 함께 제공하는 커피로, 원두 커피의 풍부하고 깔끔한 맛을 느끼실 수 있습니다.",Tall(톨) /355ml,5,0,0,0,0,10,0,140,0,0
아이스 윈터 스카치 바닐라 라떼,Iced Winter Scotch Vanilla Latte,"겨울에 즐기기 완벽한 라떼,버터 스카치 풍미에 진한 에스프레소와버터 스카치 커피 크림이 더해져커피의 풍미를 더 진하게 즐길 수 있는 음료",Tall(톨) /355ml,235,7,6,11,0,140,22,100,20,29
아이스 토피 넛 라떼,Iced Toffee Nut Latte,"스타벅스의 겨울 시그니처 음료버터 향이 은은하게 느껴지는 토피와 고소한 견과류의 풍미,진한 에스프레소가 어우러진 크리스마스 시즌 음료",Tall(톨) /355ml,255,10,6,13,0,180,28,75,20,29
윈터 스카치 바닐라 라떼,Winter Scotch Vanilla Latte,"겨울에 즐기기 완벽한 라떼,버터 스카치 풍미에 진한 에스프레소와버터 스카치 커피 크림이 더해져커피의 풍미를 더 진하게 즐길 수 있는 음료",Tall(톨) /355ml,280,9,8,13,0,180,26,100,25,33
토피 넛 라떼,Toffee Nut Latte,"스타벅스의 겨울 시그니처 음료버터 향이 은은하게 느껴지는 토피와 고소한 견과류의 풍미,진한 에스프레소가 어우러진 크리스마스 시즌 음료",Tall(톨) /355ml,285,10,8,13,0,220,31,75,25,33
에스프레소 콘 파나,Espresso Con Panna,"신선한 에스프레소 샷에 풍부한 휘핑크림을 얹은 커피 음료로서, 뜨거운 커피의 맛과 차갑고 달콤한 생크림의 맛을 같이 즐길 수 있는 커피 음료",Solo(솔로) /22ml,30,2,1,2.4,0,5,0,75,0,1
에스프레소 마키아또,Espresso Macchiato,"신선한 에스프레소 샷에 우유 거품을 살짝 얹은 커피 음료로써, 강렬한 에스프레소의 맛과 우유의 부드러움을 같이 즐길 수 있는 커피 음료",Solo(솔로) /22ml,10,0,0,0,0,0,0,75,0,1
스타벅스 1호점 카페 아메리카노,Starbucks 1st Store Caffe Americano,풍부하고 부드러운 바디감의 별다방 블렌드 원두로 내린 에스프레소와 뜨거운 물을 섞어 깔끔하게 즐길 수 있는 스타벅스 이대점만의 블랙 커피 음료,,10,0,1,0,0,0,0,210,0,2
아이스 스타벅스 1호점 카페 아메리카노,Iced Starbucks 1st Store Caffe Americano,풍부하고 부드러운 바디감의 별다방 블렌드 원두로 내린 에스프레소와 얼음과 물을 섞어 시원하고 깔끔하게 즐길 수 있는 스타벅스 이대점만의 블랙 커피 음료,,10,0,1,0,0,0,0,210,0,2
아이스 카페 아메리카노,Iced Caffe Americano,진한 에스프레소에 시원한 정수물과 얼음을 더하여 스타벅스의 깔끔하고 강렬한 에스프레소를 가장 부드럽고 시원하게 즐길 수 있는 커피,Tall(톨) /355ml,10,0,1,0,0,5,0,150,0,2
카페 아메리카노,Caffe Americano,진한 에스프레소와 뜨거운 물을 섞어 스타벅스의 깔끔하고 강렬한 에스프레소를 가장 부드럽게 잘 느낄 수 있는 커피,Tall(톨) /355ml,10,0,1,0,0,5,0,150,0,2
아이스 카라멜 마키아또,Iced Caramel Macchiato,향긋한 바닐라 시럽과 시원한 우유에 얼음을 넣고 점을 찍듯이 에스프레소를 부은 후 벌집 모양으로 카라멜 드리즐을 올린 달콤한 커피 음료,Tall(톨) /355ml,190,4.6,6,8,0,110,22,75,20,23
카라멜 마키아또,Caramel Macchiato,향긋한 바닐라 시럽과 따뜻한 스팀 밀크 위에 풍성한 우유 거품을 얹고 점을 찍듯이 에스프레소를 부은 후 벌집 모양으로 카라멜 드리즐을 올린 달콤한 커피 음료,Tall(톨) /355ml,200,5,8,9,0,130,22,75,25,24
아이스 카푸치노,Iced Cappuccino,풍부하고 진한 에스프레소에 신선한 우유와 우유 거품이 얼음과 함께 들어간 시원하고 부드러운 커피 음료,Tall(톨) /355ml,110,3.5,6,6,0,90,9,75,20,10
카푸치노,Cappuccino,풍부하고 진한 에스프레소에 따뜻한 우유와 벨벳 같은 우유 거품이 1:1 비율로 어우러져 마무리된 커피 음료,Tall(톨) /355ml,110,3,6,6,0,70,8,75,15,9
라벤더 카페 브레베,Lavender Cafe Breve,진한 리저브 에스프레소 샷과 은은한 라벤더향이 고급스럽게 어우러진 부드럽고 세련된 풍미의 라벤더 카페 브레베,Tall(톨) /355ml,400,22,8,27,0,140,30,105,25,31
밀크카라멜 라떼,Milk Caramel Latte,부드럽고 달콤한 밀크카라멜의 은은한 풍미와 풍부한 질감을 느낄 수 있는 특별한 우유가 만나 언제나 편안하게 즐길 수 있는 라떼입니다.,Tall(톨) /355ml,310,13,8,17,0,280,22,75,25,31
바닐라 라떼,Vanilla Latte,"달콤한 바닐라의 향을 풍부하고 진한 에스프레소, 부드러운 우유와 함께 즐길 수 있는 라떼입니다.",Tall(톨) /355ml,210,5,8,9,0,130,24,75,25,25
바닐라 빈 라떼,Vanilla Bean Latte,리저브만을 위한 바닐라 빈 시럽이 부드럽게 어우러진 카페 라떼,Tall(톨) /355ml,245,6,9,9,0,150,27,210,30,29
번트 카라멜 라떼,Burnt Caramel Latte,리저브 에스프레소 커피와 번트 카라멜의 깊고 달콤한 풍미가 어우러진 라떼 음료,Tall(톨) /355ml,380,13,12,20,0,250,30,210,35,37
블랙 글레이즈드 라떼,Black Glazed Latte,가을 시즌 대표 음료! 돌아온 블랙 글레이즈드 라떼짙고 풍부한 커피와 달콤하고 부드러운 글레이즈드 폼의 조화가 돋보이는 음료,Tall(톨) /355ml,330,10,9,15,0,200,34,75,35,38
사케라또 비안코 오버 아이스,Shakerato Bianco Over Ice,얼음과 같이 쉐이킹하여 차가워진 진한 리저브 에스프레소와 하우스 메이드 크림이 어우러진 달콤한 음료,Tall(톨) /355ml,270,18,3,21,0,45,14,315,10,17
스타벅스 1호점 카페 라떼,Starbucks 1st Store Caffe Latte,풍부하고 부드러운 바디감의 별다방 블렌드 원두로 내린 에스프레소와 신선한 우유를 스팀하여 커피 위에 우유 거품을 살짝 얹은 스타벅스 이대점만의 카페 라떼 음료,,200,6,10,10,0,150,15,210,30,17
스타벅스 1호점 크림 라떼,Starbucks 1st Store Cream Latte,"""Coffee & Tea & Spice""스타벅스 첫번째 로고에서 착안한 음료로 스파이시한 향의 달콤하고 부드러운 커피 차이 크림폼, 풍부한 바디감의 별다방 블렌드 원두를 사용한 깊고 부드러운 크림 라떼 음료",,215,12,2,14,0,25,19,210,5,20
스타벅스 꿀 호떡 라떼,Starbucks Honey Hotteok Latte,한국의 대표 길거리 음식의 친근하고 익숙한 호떡을형상화한 음료로 어린시절 추억이 느껴지는 커피 음료시나몬향과 고소한 견과류가 느껴지는 음료,Tall(톨) /355ml,360,11,10,18,0,150,23,75,30,45
스타벅스 돌체 라떼,Starbucks Dolce Latte,스타벅스의 다른 커피 음료보다 더욱 깊은 커피의 맛과 향에 깔끔한 무지방 우유와 부드러운 돌체 시럽이 들어간 음료로 달콤하고 진한 커피 라떼,Tall(톨) /355ml,215,2,12,3.1,0,190,32,150,10,34
아이스 라벤더 카페 브레베,Iced Lavender Cafe Breve,진한 리저브 에스프레소 샷과 은은한 라벤더향이 고급스럽게 어우러진 부드럽고 세련된 풍미의 라벤더 카페 브레베,Tall(톨) /355ml,335,18,6,22,0,110,27,105,20,28
아이스 밀크카라멜 라떼,Iced Milk Caramel Latte,부드럽고 달콤한 밀크카라멜의 은은한 풍미와 풍부한 질감을 느낄 수 있는 특별한 우유가 만나 언제나 편안하게 즐길 수 있는 라떼입니다.,Tall(톨) /355ml,240,10,5,13,0,220,17,75,15,26
아이스 바닐라 라떼,Iced Vanilla Latte,"달콤한 바닐라의 향을 풍부하고 진한 에스프레소, 부드러운 우유와 함께 즐길 수 있는 라떼입니다.",Tall(톨) /355ml,150,3.2,5,5,0,80,19,75,15,20
아이스 바닐라 빈 라떼,Iced Vanilla Bean Latte,리저브만을 위한 바닐라 빈 시럽이 부드럽게 어우러진 카페 라떼,Tall(톨) /355ml,155,2.9,5,4.8,0,75,20,210,15,22
아이스 블랙 글레이즈드 라떼,Iced Black Glazed Latte,가을 시즌 대표 음료! 돌아온 블랙 글레이즈드 라떼짙고 풍부한 커피와 달콤하고 부드러운 글레이즈드 폼의 조화가 돋보이는 음료,Tall(톨) /355ml,285,8,6,13,0,150,30,75,25,34
아이스 스타벅스 1호점 카페 라떼,Iced Starbucks 1st Store Caffe Latte,풍부하고 부드러운 바디감의 별다방 블렌드 원두로 내린 에스프레소와 신선한 우유와 얼음이 만나 고소함과 시원함을 즐길 수 있는 스타벅스 이대점만의 카페 라떼 음료,,110,3.2,6,5,0,80,8,210,15,10
아이스 스타벅스 1호점 크림 라떼,Iced Starbucks 1st Store Cream Latte,"""Coffee & Tea & Spice""스타벅스 첫번째 로고에서 착안한 음료로 스파이시한 향의 달콤하고 부드러운 커피 차이 크림폼, 풍부한 바디감의 별다방 블렌드 원두를 사용한 깊고 부드러운 크림 라떼 음료",,215,12,2,14,0,25,19,210,5,20
아이스 스타벅스 꿀 호떡 라떼,Iced Starbucks Honey Hotteok Latte,한국의 대표 길거리 음식의 친근하고 익숙한 호떡을형상화한 음료로 어린시절 추억이 느껴지는 커피 음료시나몬향과 고소한 견과류가 느껴지는 음료,Tall(톨) /355ml,290,10,6,16,0,80,16,75,15,38
아이스 스타벅스 돌체 라떼,Iced Starbucks Dolce Latte,스타벅스의 다른 커피 음료보다 더욱 깊은 커피의 맛과 향에 깔끔한 무지방 우유와 부드러운 돌체 시럽이 들어간 음료로 달콤하고 진한 커피 라떼,Tall(톨) /355ml,190,2,10,3.1,0,140,28,150,10,30
아이스 인절미 크림 라떼,Iced Injeolmi Cream Latte,고소하고 쌉싸름한 맛의 콩고물과 쫀득한 식감의 인절미 젤리를 달콤한 크림이 얹어진 커피와 함께 즐길 수 있는 라떼,Tall(톨) /355ml,455,16,9,23,0,180,43,75,15,53
아이스 카페 라떼,Iced Caffe Latte,"*카페 라떼에 ""바닐라 시럽""추가를 원하시는 고객님께서는 ""바닐라 라떼""로 주문바랍니다*두유(Soy) 바닐라 라떼를 원하시는 고객님께서는 ""바닐라 라떼""에서 두유 변경을 선택해주세요.풍부하고 진한 농도의 에스프레소가 시원한 우유와 얼음을 만나 고소함과 시원함을 즐길 수 있는 대표적인 커피 라떼",Tall(톨) /355ml,110,3.5,6,6,0,75,8,75,20,9
인절미 크림 라떼,Injeolmi Cream Latte,고소하고 쌉싸름한 맛의 콩고물과 쫀득한 식감의 인절미 젤리를 달콤한 크림이 얹어진 커피와 함께 즐길 수 있는 라떼,Tall(톨) /355ml,530,19,12,27,0,250,49,75,25,59
제주 비자림 리저브 에스프레소 라떼,Jeju Forest Reserve Espresso Latte,"리저브 원두로 만든 라떼에 말차 돌체 베이스를 추가하여 제주 천년의 숲 비자림을 표현한 라떼. 오직 송당에서만 만날 수 있는 음료로, 따뜻한 비자림의 풍미를 느껴보세요.",Tall(톨) /355ml,240,7,10,10,0,160,22,210,30,26
카페 라떼,Caffe Latte,"*카페 라떼에 ""바닐라 시럽""추가를 원하시는 고객님께서는 ""바닐라 라떼""로 주문바랍니다*두유(Soy) 바닐라 라떼를 원하시는 고객님께서는 ""바닐라 라떼""에서 두유 변경을 선택해주세요.풍부하고 진한 에스프레소가 신선한 스팀 밀크를 만나 부드러워진 커피 위에 우유 거품을 살짝 얹은 대표적인 커피 라떼",Tall(톨) /355ml,180,5,10,9,0,115,13,75,30,14
코르타도,Cortado,진하면서도 부드러운 블론드 리스트레토 3샷에 폼을 살짝 낸 스팀 밀크를 더해 짙은 커피 풍미를 즐길 수 있는 코르타도입니다.,Short(숏) /237ml,115,3.2,6,5,0,85,8,255,15,11
아이스 카페 모카,Iced Caffe Mocha,진한 초콜릿 모카 시럽과 풍부한 에스프레소를 신선한 우유 그리고 얼음과 섞어 휘핑크림으로 마무리한 음료로 진한 에스프레소와 초콜릿 맛이 어우러진 커피,Tall(톨) /355ml,250,8,7,14,0,70,21,95,45,28
아이스 화이트 초콜릿 모카,Iced White Chocolate Mocha,달콤하고 부드러운 화이트 초콜릿 시럽과 에스프레소를 신선한 우유 그리고 얼음과 섞어 휘핑크림으로 마무리한 음료로 달콤함과 강렬한 에스프레소가 부드럽게 어우러진 커피,Tall(톨) /355ml,300,10,8,16,0,150,31,75,20,32
카페 모카,Caffe Mocha,진한 초콜릿 모카 시럽과 풍부한 에스프레소를 스팀 밀크와 섞어 휘핑크림으로 마무리한 음료로 진한 에스프레소와 초콜릿 맛이 어우러진 커피,Tall(톨) /355ml,290,9,10,15,0,105,25,95,45,33
클래식 민트 모카,Classic Mint Mocha,스타벅스의 클래식인 페퍼민트 모카를 떠올리게 하는 리저브만의 에스프레소 음료오트음료(식물성 대체유)의 고소함과 다크 초콜릿의 쌉쌀함이 특징인 음료입니다,Grande(그란데) /473ml,335,0.7,4,8,0,200,43,210,0,62
화이트 초콜릿 모카,White Chocolate Mocha,달콤하고 부드러운 화이트 초콜릿 시럽과 에스프레소를 스팀 밀크와 섞어 휘핑크림으로 마무리한 음료로 달콤함과 강렬한 에스프레소가 부드럽게 어우러진 커피,Tall(톨) /355ml,350,10,11,18,0,200,37,75,30,38
아이스 플랫 화이트,Iced Flat White,"부드러운 리스트레토 샷과 완벽한 양의 우유를 더해, 카페 라떼보다 커피의 맛을 진하게 즐길 수 있는 에스프레소 음료입니다.",Tall(톨) /355ml,120,3.5,6,6,0,90,9,130,20,11
플랫 화이트,Flat White,"부드러운 리스트레토 샷과 완벽한 양의 스팀밀크를 더해, 카페 라떼보다 커피의 맛을 진하게 즐길 수 있는 에스프레소 음료입니다.",Tall(톨) /355ml,170,5,8,8,0,130,13,130,25,15
바닐라 스타벅스 더블 샷,Vanilla Starbucks Double Shot,"신선하게 제조된 더블 샷 믹스에 바닐라 시럽을 넣고 에스프레소 샷, 얼음이 어우러져 핸드 쉐이킹한 음료",207ml,125,4.5,2,6,0,30,14,150,5,16
사케라또 아포가토,Shakerato Affogato,민트 잎과 쉐이킹한 리저브 에스프레소를 바닐라 아이스크림에 부어 프레쉬함과 달콤함이 조화롭게 퍼지는 리저브 만의 디저트 음료,Tall(톨) /355ml,290,10,4,15,0,70,30,210,20,36
스파클링 시트러스 에스프레소,Sparkling Citrus Espresso,리저브 에스프레소에 상큼한 레몬과 진저에일을 더해 청량감과 시트러스 풍미를 가득 선사하는 커피 음료,Tall(톨) /355ml,65,0,0,0,0,5,15,105,0,16
에스프레소,Espresso,"스타벅스 에스프레소는 향기로운 크레마 층과 바디 층, 하트 층으로 이루어져 있으며, 입안 가득히 커피와 달콤한 카라멜 향이 느껴지는 커피 음료",Solo(솔로) /22ml,5,0,0,0,0,0,0,75,0,1
에스프레소 플라이트,Espresso Flight,스타벅스 리저브 에스프레소를 새롭고 다양하게 즐길 수 있는 에스프레소 플라이트,,-,-,-,-,-,-,-,-,-,-
에스프레소 플라이트 도산,ESPRESSO FLIGHT DOSAN,스타벅스 리저브 에스프레소를 새롭고 다양하게 즐길 수 있는 에스프레소 플라이트,,-,-,-,-,-,-,-,-,-,-
커피 스타벅스 더블 샷,Coffee Starbucks Double Shot,"신선하게 제조된 더블 샷 믹스에 클래식 시럽을 넣고 에스프레소 샷, 얼음이 어우러져 핸드 쉐이킹한 음료",207ml,125,4.5,2,6,0,30,14,150,5,16
클래식 아포가토,Classic Affogato,[리저브R 매장 전용음료] 리저브 에스프레소 투 샷이 바닐라 아이스크림과 진하게 어우러진 정통 아포가토,Tall(톨) /355ml,240,10,4,15,0,70,18,210,20,23
헤이즐넛 스타벅스 더블 샷,Hazelnut Starbucks Double Shot,"신선하게 제조된 더블 샷 믹스에 헤이즐넛 시럽을 넣고 에스프레소 샷, 얼음이 어우러져 핸드 쉐이킹한 음료",207ml,125,4.5,2,6,0,30,14,150,5,16
바나나 마카다미아 오트 프라푸치노,Banana Macadamia Oat Frappuccino,"로스티드 마카다미아, 오트와 진짜 바나나 한개를 통째로 넣어여행 전 달콤하고 든든하게 즐기는 공항 전용 프라푸치노",Grande(그란데) /473ml,330,0.9,3,6,0,350,46,0,0,62
월리 체리 푸딩 크림 프라푸치노,Wally Cherry Pudding Cream Frappuccino,"체리와 우유, 블루 바닐라 푸딩이 더해져체리의 상큼함과 바닐라의 부드러움이조화롭게 느껴지는 프라푸치노음료로 완성된 월리 그 자체!",Tall(톨) /355ml,305,13,4,17,0,170,30,0,20,34
초코 바나나 마카다미아 오트 프라푸치노,Choco Banana Macadamia Oat Frappuccino,"다크초콜릿,로스티드 마카다미아, 오트와진짜 바나나 한개를 통째로 넣어여행 전 달콤하고 든든하게 즐기는 공항 전용 프라푸치노",Grande(그란데) /473ml,325,0.7,3,5,0,350,45,5,0,61
더블 에스프레소 칩 프라푸치노,Double Espresso Chip Frappuccino,"리스트레토 에스프레소 2샷과 에스프레소 칩, 하프앤하프가 진하게 어우러진 커피의 기본에 충실한 프라푸치노",Tall(톨) /355ml,225,13,4,16,0,170,18,130,10,23
스타벅스 꿀 호떡 크림 프라푸치노,Starbucks Honey Hotteok Cream Frappuccino,"한국의 대표 길거리 음식의 친근하고 익숙한 호떡을 형상화한 음료로 어린시절 추억을 느끼며, 시나몬향과 고소한 견과류를 더욱 시원하게 즐길 수 있는 프라푸치노 음료",,325,10,6,15,0,180,26,0,15,47
에스프레소 프라푸치노,Espresso Frappuccino,풍부하고 진한 에스프레소 샷의 강렬함과달콤함이 어우러져 깊은 커피의 풍미를느낄 수 있는 프라푸치노,Tall(톨) /355ml,110,1.1,2,1.7,0,150,17,120,5,21
자바 칩 프라푸치노,Java Chip Frappuccino,"커피, 모카 소스, 진한 초콜릿 칩이 입안 가득 느껴지는 스타벅스에서만 맛볼 수 있는 프라푸치노",Tall(톨) /355ml,285,6,5,12,0,180,30,100,10,40
카라멜 프라푸치노,Caramel Frappuccino,카라멜과 커피가 어우러진 프라푸치노,Tall(톨) /355ml,225,8,3,10,0,180,24,85,10,28
딸기 글레이즈드 크림 프라푸치노,Strawberry Glazed Cream Frappuccino,상큼&달콤한 딸기와 부드러운 글레이즈드 소스에 바삭한 딸기 토핑을 얹은 프라푸치노.숙련된 바리스타의 솜씨로 그려낸 특별한 예술 작품을 감상해보세요.,Tall(톨) /355ml,315,9,5,12,0,250,37,5,30,52
베르가못 딸기 크림 프라푸치노,Bergamot Strawberry Cream Frappuccino,여름 수국의 사랑스러운 색감을 형상화한 음료로 은은하게 퍼지는 얼그레이의 플로럴향과 딸기의 상큼한 풍미가 느껴지는 음료,Grande(그란데) /473ml,420,13,5,17,0,260,50,0,15,62
베르가못 제주 말차 크림 프라푸치노,Bergamot Jeju Malcha Cream Frappuccino,자연과 어우러진 수국의 색감을 형상화한 음료로 제주산 말차와 함께 은은하게 퍼지는 얼그레이의 플로럴향으로 부드러운 맛을 즐길 수 있는 음료 (제주산 말차),Grande(그란데) /473ml,405,13,5,17,0,260,48,30,15,58
인절미 제주 말차 크림 프라푸치노,Injeolmi Jeju Malcha Cream Frappuccino,제주의 특산물인 말차와 한국의 전통적인 소재인 인절미 가루 (콩가루)를 활용한 음료로 고소한 풍미를 가득 느낄 수 있는 시원한 프라푸치노 음료 (제주산:말차),Grande(그란데) /473ml,442,11,8,16,0,330,50,37,15,58
제주 까망 크림 프라푸치노,Jeju Black Sesame Cream Frappuccino,"[제주 Only]쫄깃한 흑임자 떡과 블랙 소보로 토핑으로 컵빙수처럼 먹는 음료.고소한 흑임자와 쫄깃한 흑임자 떡, 달콤한 블랙 소보로 토핑으로 제주의 돌 하르방 길을 느낄 수 있는 음료",Grande(그란데) /473ml,505,8,11,21,0,380,48,0,15,89
제주 말차 크림 프라푸치노,Jeju Malcha Cream Frappuccino,깊고 진한 말차 본연의 맛과 향을시원하고 부드럽게 즐길 수 있는 프라푸치노,Tall(톨) /355ml,215,7,5,10,0,170,20,60,15,23
제주 쑥떡 크림 프라푸치노,Jeju Mugwort Cream Frappuccino,"[제주지역 한정음료] 쫄깃쫄깃한 흑임자 떡으로씹는 재미를 즐길 수 있는 음료로,고소한 흑임자와 쑥떡 토핑이 올라간 음료",Grande(그란데) /473ml,410,10,8,14,0,280,43,0,15,61
초콜릿 크림 칩 프라푸치노,Chocolate Cream Chip Frappuccino,"모카 소스와 진한 초콜릿 칩, 초콜릿 드리즐이 올라간 달콤한 크림 프라푸치노",Tall(톨) /355ml,275,7,6,12,0,180,27,10,15,34
화이트 타이거 프라푸치노,White Tiger Frappuccino,밀크 쉐이크 같은 부드럽고 달콤한 바닐라 크림 프라푸치노에 깊은 풍미의 단맛을 가진 흑당시럽이 어우러져 용인에버랜드 백호의 줄무늬를 형상화한 부드럽고 달콤한 프라푸치노* 용인에버랜드점에서만 판매하는 음료입니다,Grande(그란데) /473ml,385,7,6,13,0.3,240,50,0,20,60
망고 패션 프루트 블렌디드,Mango Passion Fruit Blended,망고 패션 프루트 주스와 블랙 티가 깔끔하게 어우러진 과일 블렌디드,Tall(톨) /355ml,180,0,2,1.1,0,105,36,10,0,42
북한산 레몬 얼 그레이 블렌디드,Bukhansan Lemon Earl Grey Blended,꼬냑 향을 가미한 상큼한 레모네이드와 은은한 얼 그레이 티가 어우러진 블렌디드 음료,Tall(톨) /355ml,110,0.1,0,0.2,0,10,25,8,0,28
스타벅스 클래식 밀크티 블렌디드,Starbucks Classic Milk Tea Blended,블랙티의 풍미와 향이 더욱 풍요롭게느껴질 수 있는 밀크티 블렌디드,Tall(톨) /355ml,315,13,3,16,0,55,37,60,10,40
여수 바다 유자 블렌디드,Yeosu Sea Yuja Blended,맑고 깨끗한 여수 경도의 낮 바다 풍경을 형상화한 음료로상큼하게 즐길 수 있는 유자 블렌디드 음료 (유자:국내산),Grande(그란데) /473ml,145,0,0,0.1,0,10,34,0,0,42
제주 탄제린 블렌디드,Jeju Tangerine Blended,"새콤달콤 한라봉, 천혜향과 탱글말랑 한라봉 젤리로 제주의 싱그러움을 담아 낸 음료",Grande(그란데) /473ml,260,0,1,0.3,0,25,43,0,0,84
딸기 딜라이트 요거트 블렌디드,Strawberry Delight Yogurt Blended,고농축 유산균의 부드러운 요거트와 딸기 본연의 상콤&달콤한 과육이 상큼하게 어우러진 리뉴얼 된 과일 요거트 블렌디드,Tall(톨) /355ml,255,3.5,7,6,0,100,38,0,15,42
말차 폭포 유자 블렌디드,Malcha Waterfall Yuja Blended,쏟아지는 폭포를 표현한 말차와 상큼한 유자 캐모마일 티가 만나 시원한 평화를 선사하는 송당만의 과일 티 블렌디드 음료,Tall(톨) /355ml,150,0,1,0.2,0,5,32,65,0,22
망고 바나나 블렌디드,Mango Banana Blended,(Grande Only) 달콤한 망고 패션 프루트 주스에바나나 1개가 통째로 들어간 신선한 블렌디드,Grande(그란데) /473ml,290,0.9,4,2.7,0,130,45,0,5,58
자몽 허니 레몬 블렌디드,Grapefruit Honey Lemon Blended,달콤한 자몽 허니에 레몬의 산뜻함을 더해 달콤상큼함으로 가볍게 즐기기 좋은 과일 블렌디드,Tall(톨) /355ml,190,0,0,0,0,5,40,0,0,47
피치 망고 블렌디드,Peach Mango Blended,"오직 강릉주문진점에서만 다시 만날 수 있는 특화 음료로,달콤한 피치,망고에 새콤한 패션 탱고 티를 더한 매력적인 음료*G Only",Grande(그란데) /473ml,225,0,1,0.5,0,100,32,0,0,54
딸기 아사이 레모네이드 스타벅스 리프레셔,Strawberry Acai with Lemonade Starbucks Refreshers™,"딸기, 아사이베리 주스와 레모네이드가 달콤 상큼하게 조화된 맛에 가볍게 에너지 부스팅을 할 수 있는 리프레셔 음료",Tall(톨) /355ml,105,0,1,0.1,0,0,24,30,0,25
딸기 아사이 레모네이드 스타벅스 리프레셔,Strawberry Acai with Lemonade Starbucks Refreshers™,"딸기, 아사이베리 주스와 레모네이드가 달콤 상큼하게 조화된 맛에 가볍게 에너지 부스팅을 할 수 있는 리프레셔 음료.",Trenta(트렌타) /887ml,265,0,1,0.1,0,0,62,73,0,64
골든 만다린 홉 피지오,Golden Mandarin Hop Fizzio,부드럽게 느껴지는 티폼과 시트러스한 감귤 풍미맥주 느낌의 청량하게 즐기는 상큼한 피지오 음료,,120,0,0,0.1,0,5,27,16,0,30
라이트 핑크 자몽 피지오,Light Pink Grapefruit Fizzio,"달콤 쌉싸름한 자몽에 탄산의 청량감을 가득 담은 피지오로,2018년 대비 칼로리를 60% 낮춰 돌아왔습니다.*G사이즈 기준 99kcal 이하*18년 대비 칼로리 60% DOWN",Tall(톨) /355ml,70,0,0,0.1,0,0,17,0,0,38
리버 피치 피지오,River Peach Fizzio,길고 깊은 강의 모습과 달콤한 복숭아가 만나 강의 뷰를 즐기며 힐링할 수 있는 상큼한 피지오,Grande(그란데) /473ml,155,0,0,0,0,45,22,0,0,38
여수 바다 자몽 피지오,Yeosu Sea Grapefruit Fizzio,여수 돌산대교의 밤바다 풍경을 형상화한 음료로알록달록 색상 조명의 토핑과 함께여수의 풍경을 바라보며 즐길 수 있는 트로피컬 맛의 음료,Grande(그란데) /473ml,250,0,1,0.8,0,105,45,0,0,60
의암호의 초록빛 자몽 피지오,Uiamho's Green Grapefruit Fizzio,"춘천의암호 낮의 싱그러운 초록빛을 형상화한 음료로 청자몽과 라임, 레몬젤리를 활용한 피지오 음료",,130,0,0,0,0,45,28,0,0,33
제주팔삭 셔벗 피지오,Jeju Hassaku Orange Frozen Fizzio,제주송당의 소원나무에 걸린 제주 동백꽃을 형상화한 음료제주의 자몽이라는 별명을 가진 제주 팔삭과 제주 한라봉으로매장에서 직접 만든 셔벗과 함께 상큼하게 즐길 수 있는 피지오 음료,Tall(톨) /355ml,165,0,0,0,0,5,38,0,0,42
제주팔삭 피지오,Jeju Hassaku Orange Fizzio,제주의 자몽이라는 별명을 가진 팔삭과 제주 한라봉으로상큼하고 가볍게 즐길 수 있는 피지오 음료,Tall(톨) /355ml,150,0,0,0,0,5,34,0,0,38
체리&자두 에너지 피지오,Cherry&Plum Energy Fizzio,체리와 자두의 이색 조합으로 그란데 사이즈 99kcal와 타우린과 비타민C 등이 영양소가 함유되어 건강한 에너지를 시원하게 즐길 수 있는 카페인 프리 음료. (필요 시 무료로 블랙 티 커스텀을 통해 카페인도 추가할 수 있습니다),Tall(톨) /355ml,76,0,0,0,0,0,18,0,0,35
쿨 라임 피지오,Cool Lime Starbucks Fizzio™,그린 빈 추출액이 들어간 라임 베이스에 건조된 라임 슬라이스를 넣고 스파클링한 시원하고 청량감 있는 음료입니다. (카페인이 함유된 탄산음료입니다),Tall(톨) /355ml,105,0,0,0,0,20,25,110,0,28
피치 딸기 피지오,Peach Strawberry Starbucks Fizzio,피치와 딸기의 상큼한 과일과 청량한 탄산의 조화로 리프레시 할 수 있는 음료,Tall(톨) /355ml,145,0,0,0,0,20,26,37,0,35
아이스 클래식 뱅쇼 히비스커스 티,Iced Classic Vin Chaud Hibiscus Tea,크리스마스 무드를 즐기기 가장 좋은 음료진한 레드 와인 베이스에 뱅쇼와 가장 잘 어울리는 과일을 더한 클래식한 뱅쇼뱅쇼 베이스에 과일을 절여 과일에서도 뱅쇼 풍미를 풍부하게 느끼실 수 있습니다.카페인 프리로 언제든 부담 없이 즐기기 좋은 티 음료,Tall(톨) /355ml,150,0,0,0.1,0,10,31,0,0,38
아이스 핑크 팝 캐모마일 릴렉서,Iced Pink Pop Chamomile Relaxer,"크리스마스에 어울리는 샴페인 한잔과 같은 캐모마일 릴렉서!리치, 레몬그라스, 캐모마일의 차분하면서도 새콤달콤한 조합크리스마스 오너먼트가 떠오르는핑크 리치 보바로 팝! 터지는 식감의 재미와 리치 풍미를 더했습니다",Tall(톨) /355ml,140,0,0,0,0,10,25,1,0,35
클래식 뱅쇼 히비스커스 티,Classic Vin Chaud Hibiscus Tea,크리스마스 무드를 즐기기 가장 좋은 음료진한 레드 와인 베이스에 뱅쇼와 가장 잘 어울리는 과일을 더한 클래식한 뱅쇼뱅쇼 베이스에 과일을 절여 과일에서도 뱅쇼 풍미를 풍부하게 느끼실 수 있습니다.카페인 프리로 언제든 부담 없이 즐기기 좋은 티 음료,Tall(톨) /355ml,205,0,0,0.1,0,10,41,0,0,51
핑크 팝 캐모마일 릴렉서,Pink Pop Chamomile Relaxer,"크리스마스에 어울리는 샴페인 한잔과 같은 캐모마일 릴렉서!리치, 레몬그라스, 캐모마일의 차분하면서도 새콤달콤한 조합크리스마스 오너먼트가 떠오르는 핑크 리치 보바로팝! 터지는 식감의 재미와 리치 풍미를 더했습니다",Tall(톨) /355ml,215,0,0,0,0,15,38,2,0,53
아이스 캐모마일 허니 티 라떼,Iced Chamomile Honey Tea Latte,캐모마일 티의 은은한 꽃향기에 꿀의 부드러움이 더해져포근하게 즐기기 좋은 음료카페인 프리로 언제든 부담 없이 즐기기 좋은 티 라떼,Tall(톨) /355ml,155,2.7,4,4.5,0,70,23,0,15,24
캐모마일 허니 티 라떼,Chamomile Honey Tea Latte,캐모마일 티의 은은한 꽃향기에 꿀의 부드러움이 더해져포근하게 즐기기 좋은 음료카페인 프리로 언제든 부담 없이 즐기기 좋은 티 라떼,Tall(톨) /355ml,170,3.2,5,5,0,80,24,0,15,25
코코 말차,Coco Malcha,수분 보충에 좋은 코코넛 워터에진한 말차 풍미 가득한 폼을 더해가볍고 깔끔하게 즐기기 좋은 음료말차 폼과 코코넛 워터를 잘 섞어 드시면더욱 조화롭게 즐기실 수 있습니다.,Tall(톨) /355ml,145,3.4,2,4.1,0,60,20,43,0,24
클라우드 코코 말차,Cloud Coco Malcha,수분 보충에 좋은 코코넛 워터에 진한 말차 풍미 가득한 폼을 더해가볍고 깔끔하게 즐기기 좋은 음료알로에 토핑을 더해 식감의 재미를 더했습니다.말차 폼과 코코넛 워터를 잘 섞어 드시면코코넛&말차의 조화로움을 느껴보실 수 있습니다.,Tall(톨) /355ml,160,3.4,2,4.1,0,65,24,47,0,29
민트 블렌드 티,Mint Blend Brewed Tea,"스피어민트, 페퍼민트, 레몬머틀이 블렌딩된 상쾌한 허브 티",Tall(톨) /355ml,0,0,0,0,0,0,0,0,0,0
아이스 민트 블렌드 티,Iced Mint Blend Brewed Tea,"스피어민트, 페퍼민트, 레몬머틀이 블렌딩된 상쾌한 허브 티",Tall(톨) /355ml,0,0,0,0,0,0,0,0,0,0
아이스 얼 그레이 티,Iced Earl Grey Brewed Tea,꽃향 가득한 라벤더와 베르가못 향이 진한 홍차와 블렌딩된 향긋한 블랙 티,Tall(톨) /355ml,0,0,0,0,0,0,0,50,0,0
아이스 유스베리 티,Iced Youthberry™Brewed Tea,"제주산 찻잎으로 만든 황차에 사과, 망고, 파인애플, 히비스커스, 로즈힙 등이블렌딩되어 핑크빛 컬러가 감도는 수색과 베리류의 새콤함을 느낄 수 있는 옐로우 티",Tall(톨) /355ml,0,0,0,0,0,0,0,20,0,0
아이스 유자 민트 티,Iced Yuja Mint Tea,달콤한 국내산 고흥 유자와 알싸하고 은은한 진저와 상쾌한 민트 티가 조화로운 유자 민트 티,Tall(톨) /355ml,95,0,0,0,0,5,22,0,0,26
아이스 잉글리쉬 브렉퍼스트 티,Iced English Breakfast Brewed Tea,"인도 아삼, 제주도 유기농 홍차가 블렌딩되어 진한 벌꿀향과 그윽한 몰트향이 특징인 블랙 티",Tall(톨) /355ml,0,0,0,0,0,0,0,40,0,0
아이스 제주 유기농 녹차로 만든 티,Iced Jeju Green Tea,유기농 녹차 티백만을 100%(물 제외) 사용한 티로맑은 수색과 고유의 풍미가 뛰어난 녹차,Tall(톨) /355ml,0,0,0,0,0,0,0,16,0,0
아이스 제주팔삭 & 자몽 허니 블랙 티,Iced Jeju Hassaku Orange & Grapefruit Honey Black Tea,제주의 자몽이라는 별명을 가진 팔삭과 마누카꿀로자몽과 블랙티의 맛을 더욱 고급스럽게 즐길 수 있는 음료,Tall(톨) /355ml,140,0,0,0,0,5,38,27,0,38
아이스 캐모마일 블렌드 티,Iced Chamomile Blend Brewed Tea,"캐모마일과 레몬 그라스, 레몬밤, 히비스커스 등 블렌딩되어은은하고 차분한 향이 기분을 좋게하는 허브 티",Tall(톨) /355ml,0,0,0,0,0,0,0,0,0,0
아이스 히비스커스 블렌드 티,Iced Hibiscus Blend Brewed Tea,"히비스커스, 사과, 파파야, 망고, 레몬그라스 등이 블렌딩된 상큼한 허브 티",Tall(톨) /355ml,0,0,0,0,0,0,0,0,0,0
얼 그레이 티,Earl Grey Brewed Tea,꽃향 가득한 라벤더와 베르가못 향이 진한 홍차와 블렌딩된 향긋한 블랙 티,Tall(톨) /355ml,0,0,0,0,0,0,0,70,0,0
유스베리 티,Youthberry™Brewed Tea,"제주산 찻잎으로 만든 황차에 사과, 망고, 파인애플, 히비스커스, 로즈힙 등이블렌딩되어 핑크빛 컬러가 감도는 수색과 베리류의 새콤함을 느낄 수 있는 옐로우 티",Tall(톨) /355ml,0,0,0,0,0,0,0,20,0,0
유자 민트 티,Yuja Mint Tea,"달콤한 국내산 고흥 유자와 알싸하고 은은한 진저,우릴 수록 상쾌한 민트 티가 조화로운 유자 민트 티",Tall(톨) /355ml,140,0,0,0,0,10,33,0,0,40
잉글리쉬 브렉퍼스트 티,English Breakfast Brewed Tea,"인도 아삼, 제주도 유기농 홍차가 블렌딩되어 진한 벌꿀향과 그윽한 몰트향이 특징인 블랙 티",Tall(톨) /355ml,0,0,0,0,0,0,0,70,0,0
자몽 허니 블랙 티,Grapefruit Honey Black Tea,새콤한 자몽과 달콤한 꿀이 깊고 그윽한 풍미의 스타벅스 티바나 블랙 티의 조화,Tall(톨) /355ml,125,0,0,0,0,5,30,70,0,31
제주 유기농 녹차로 만든 티,Jeju Green Tea,유기농 녹차 티백만을 100%(물 제외) 사용한 티로맑은 수색과 고유의 풍미가 뛰어난 녹차,Tall(톨) /355ml,0,0,0,0,0,0,0,16,0,0
제주팔삭 & 자몽 허니 블랙 티,Jeju Hassaku Orange & Grapefruit Honey Black Tea,제주의 자몽이라는 별명을 가진 팔삭과 마누카꿀로자몽과 블랙티의 맛을 더욱 고급스럽게 즐길 수 있는 음료,Tall(톨) /355ml,140,0,0,0,0,5,38,70,0,38
캐모마일 블렌드 티,Chamomile Blend Brewed Tea,"캐모마일과 레몬 그라스, 레몬밤, 히비스커스 등 블렌딩되어은은하고 차분한 향이 기분을 좋게하는 허브 티",Tall(톨) /355ml,0,0,0,0,0,0,0,0,0,0
히비스커스 블렌드 티,Hibiscus Blend Brewed Tea,"히비스커스, 사과, 파파야, 망고, 레몬그라스 등이 블렌딩된 상큼한 허브 티",Tall(톨) /355ml,0,0,0,0,0,0,0,0,0,0
레드 파워 패션 티,Red Power Passion Tea,딸기와 복숭아의 화사함에 패션 탱고티의 산뜻함을 더해한 모금 마시면 두근거리는 열정이 다시 떠오르는 리프레싱 티 음료,Grande(그란데) /473ml,190,0,1,0,0,40,31,33,0,46
레몬 캐모마일 블렌드 티,Lemon Chamomile Blend Tea,상큼한 레몬에 캐모마일이은은하게 감도는 무카페인 티,,130,0,0,0,0,10,30,0,0,32
복숭아 아이스 티,Iced Peach Black Tea,"찻잎을 직접 우려 만든 상큼하고 청량한 아이스 티로,복숭아의 진한 맛과 홍차의 조화가 매력적인 음료*트렌타 사이즈는 Iced Only로 제공됩니다.",Trenta(트렌타) /887ml,255,0,1,1,0,75,34,70,0,76
복숭아 아이스 티,Iced Peach Black Tea,"찻잎을 직접 우려 만든 상큼하고 청량한 아이스 티로,복숭아의 진한 맛과 홍차의 조화가 매력적인 음료*Hot Tea로도 즐기실 수 있습니다.",Tall(톨) /355ml,110,0,0,0.3,0,35,15,30,0,32
복숭아 핫 티,Peach Black Tea,"찻잎을 직접 우려 만든 따뜻한 티로,복숭아와 진한 홍차의 풍미를 느낄 수 있는 음료",Tall(톨) /355ml,160,0,0,0.3,0,50,21,70,0,44
시트러스 가든 민트 티,Citrus Garden Mint Tea,"유자, 청자몽이 어우러진 민트 티에 머들링한 신선한 민트가 더해져 상큼하면서도 상쾌한 풍미가 산뜻하게 느껴지는 논 카페인 티 음료",Tall(톨) /355ml,140,0,0,0,0,5,32,0,0,29
아이스 레몬 캐모마일 블렌드 티,Iced Lemon Chamomile Blend Tea,상큼한 레몬에 캐모마일이은은하게 감도는 무카페인 티,,130,0,0,0,0,10,30,0,0,32
아이스 자몽 허니 블랙 티,Iced Grapefruit Honey Black Tea,새콤한 자몽과 달콤한 꿀이 깊고 그윽한 풍미의 스타벅스 티바나 블랙 티의 조화,Tall(톨) /355ml,125,0,0,0,0,5,30,30,0,31
아이스 자몽 허니 블랙 티,Iced Grapefruit Honey Black Tea,새콤한 자몽과 달콤한 꿀이 깊고 그윽한 풍미의 스타벅스 티바나 블랙 티의 조화.,Trenta(트렌타) /887ml,345,0,1,0,0,10,79,75,0,82
말차 글레이즈드 티 라떼,Malcha Glazed Tea Latte,글레이즈드의 색다른 변신!쌉싸름한 말차와 달콤한 글레이즈드를 넣어가을과 잘 어울리는 비주얼과 맛의 티 라떼 음료,Tall(톨) /355ml,315,11,10,16,0,170,29,65,30,33
말차 티라미수 라떼,Malcha Tiramisu Latte,달콤 쌉싸름한 말차크림으로 부드럽게 즐길 수 있는디저트 타입의 말차 티라미수 음료,,415,15,11,22,0,230,39,75,35,42
스타벅스 클래식 밀크 티,Starbucks Classic Milk Tea,"스타벅스가 선보이는 클래식한 밀크 티로,진하게 오래 우려낸 티바나 블랙 티의 깊은 풍미와우유의 조화로움을 담아낸 '맛'에 집중한 밀크 티",Tall(톨) /355ml,299,13,5,17,0,80,31,190,15,33
스타벅스 클래식 밀크 티 보틀,Starbucks Classic Milk Tea Bottle,"진하게 우려낸 블랙 티의 깊은 풍미와우유의 조화로움을 담아낸 클래식 밀크 티를전용 보틀과 함께, 언제 어디서나,편하게 즐겨보세요.(전용 보틀 / 500ml)",,485,21,7,27,0,130,51,195,25,54
아이스 말차 글레이즈드 티 라떼,Iced Malcha Glazed Tea Latte,글레이즈드의 색다른 변신!쌉싸름한 말차와 달콤한 글레이즈드를 넣어가을과 잘 어울리는 비주얼과 맛의 티 라떼 음료,Tall(톨) /355ml,270,10,8,14,0,140,26,65,25,29
아이스 말차 티라미수 라떼,Iced Malcha Tiramisu Latte,달콤 쌉싸름한 말차크림으로 부드럽게 즐길 수 있는디저트 타입의 말차 티라미수 음료,,355,13,8,19,0,180,34,75,25,37
아이스 스타벅스 클래식 밀크 티,Iced Starbucks Classic Milk Tea,"스타벅스가 선보이는 클래식한 밀크 티로,진하게 오래 우려낸 티바나 블랙 티의 깊은 풍미와우유의 조화로움을 담아낸 '맛'에 집중한 밀크 티",Tall(톨) /355ml,198,9,3,11,0,50,21,80,10,22
아이스 얼 그레이 바닐라 티 라떼,Iced Earl Grey Vanilla Tea Latte,"2가지 티(블랙티, 얼 그레이 티)가 조화롭고 얼 그레이 폼과 바닐라의 풍미가 은은하게 퍼져 깔끔하고 부드러운 티 라떼 음료",Tall(톨) /355ml,270,12,6,16,0,100,21,29,25,26
아이스 의암호의 보랏빛 라벤더 티 라떼,Iced Uiamho's Purple Lavender Tea Latte,춘천의암호의 낭만적인 밤하늘의 보랏빛을 표현한 음료로 차분한 느낌의 라벤더를 활용하여 릴렉스 할 수 있는 티 라떼 음료,,290,7,4,10,0,80,33,13,15,46
아이스 인절미 제주 말차 라떼,Iced Injeolmi Jeju Malcha Latte,제주의 특산물인 말차와 한국의 전통적인 소재인 인절미 가루 (콩가루)를 활용한 음료로 고소한 티 라떼 음료 (제주산:말차),,353,11,9,17,0,170,34,52,20,35
아이스 제주 말차 라떼,Iced Jeju Malcha Latte,차광재배한 어린 녹찻잎을 곱게 갈아깊고 진한 말차 본연의 맛과 향을부드럽게 즐길 수 있는 제주 말차 라떼,Tall(톨) /355ml,155,3.6,6,6,0,95,16,60,20,18
아이스 프렌치 바닐라 말차 라떼,Iced French Vanilla Malcha Latte,번트 슈가의 풍미가 더해진 프렌치 바닐라 크림과 말차가 어우러진 음료,Tall(톨) /355ml,260,11,6,14,0,160,25,40,20,27
얼 그레이 바닐라 티 라떼,Earl Grey Vanilla Tea Latte,"2가지 티(블랙티, 얼 그레이 티)가 조화롭고 얼 그레이 폼과 바닐라의 풍미가 은은하게 퍼져 깔끔하고 부드러운 티 라떼 음료",Tall(톨) /355ml,290,13,7,17,0,105,22,55,25,28
의암호의 보랏빛 라벤더 티 라떼,Uiamho's Purple Lavender Tea Latte,춘천의암호의 낭만적인 밤하늘의 보랏빛을 표현한 음료로 차분한 느낌의 라벤더를 활용하여 릴렉스 할 수 있는 티 라떼 음료,,315,8,5,11,0,100,35,70,20,48
인절미 제주 말차 라떼,Injeolmi Jeju Malcha Latte,제주의 특산물인 말차와 한국의 전통적인 소재인 인절미 가루 (콩가루)를 활용한 음료로 고소한 티 라떼 음료 (제주산:말차),,452,14,14,21,0,240,43,58,35,44
제주 말차 라떼,Jeju Malcha Latte,차광재배한 어린 녹찻잎을 곱게 갈아깊고 진한 말차 본연의 맛과 향을부드럽게 즐길 수 있는 제주 말차 라떼,Tall(톨) /355ml,205,5,9,9,0,130,20,60,25,22
프렌치 바닐라 말차 라떼,French Vanilla Malcha Latte,번트 슈가의 풍미가 더해진 프렌치 바닐라 크림과 말차가 어우러진 음료,Tall(톨) /355ml,380,15,12,21,0,250,35,40,35,36
딸기 콜드폼 초콜릿,Strawberry Cold Foam Chocolate,딸기 풍미 가득한 스타벅스만의 딸기 콜드폼과은은한 초콜릿의 향으로 남녀노소 즐길 수 있는 음료,,255,2,7,3.8,0,110,45,5,10,49
시그니처 핫 초콜릿,Signature Hot Chocolate,깊고 진한 초콜릿과 부드러운 휘핑크림이 입안에서 사르르 녹는 초콜릿 음료,Tall(톨) /355ml,410,15,13,22,0,135,39,15,18,41
아이스 시그니처 초콜릿,Iced Signature Chocolate,깊고 진한 초콜릿과 부드러운 휘핑크림이 입안에서 사르르 녹는 초콜릿 음료,Tall(톨) /355ml,280,13,8,17,0,100,22,15,16,23
아이스 티라미수 초콜릿,Iced Tiramisu Chocolate,리저브 다크 초콜릿을 활용하여 초콜릿 풍미 가득한 디저트 타입의 티라미수 초콜릿,,360,12,8,18,0,140,38,10,20,44
티라미수 초콜릿,Tiramisu Chocolate,리저브 다크 초콜릿을 활용하여 초콜릿 풍미 가득한 디저트 타입의 티라미수 초콜릿,Tall(톨) /355ml,440,15,12,22,0,210,44,10,35,51
플러피 판다 아이스 초콜릿,Fluffy Panda Iced Chocolate,"고소한 헤이즐넛과 진한 초콜릿의 만남,귀여운 판다까지 더해진 플러피 판다 아이스 초콜릿!* 용인에버랜드점에서만 판매하는 음료입니다",Grande(그란데) /473ml,415,16,11,22,0,150,39,0,30,46
플러피 판다 핫 초콜릿,Fluffy Panda Hot Chocolate,"고소한 헤이즐넛과 진한 핫초콜릿의 만남,귀여운 판다까지 더해진 플러피 판다 핫 초콜릿!* 용인에버랜드점에서만 판매하는 음료입니다",Grande(그란데) /473ml,470,17,12,23,0,160,48,0,30,57
딸기 콜드폼 딸기 라떼,Strawberry Cold Foam Strawberry Latte,딸기 풍미 가득한 스타벅스만의 딸기 콜드폼과딸기 본연의 맛을 즐길 수 있는 음료,,235,2,6,3.4,0,110,41,0,10,44
스타벅스 슬래머,Starbucks Slammer,"스트로베리와 아사이베리의 상큼, 달콤한 맛이 톡톡!시원하고 통쾌한 그랜드 슬램을 위한 에너지 부스팅 음료~!* SSG랜더스필드 매장에서만 판매하는 음료입니다.",Grande(그란데) /473ml,210,0,0,0,0,0,49,0,0,52
스팀 우유,Steamed Milk,부드럽고 담백한 따뜻한 우유.,Tall(톨) /355ml,215,7,13,11,0,173,18,0,36,18
우유,Milk,부드럽고 담백한 신선한 우유.,Tall(톨) /355ml,240,8,12,13,0,200,18,0,40,18
제주팔삭 셔벗,Jeju Hassaku Orange Blended,제주의 자몽이라는 별명을 가진 팔삭과한라봉으로 매장에서 직접 만든 상큼한 셔벗,,95,0,0,0,0,5,22,0,0,24
ABC 클렌즈 190ML,ABC Cleanse Juice 190ML,"과일 및 채소를 착즙하여 만든 주스!사과, 비트, 당근이 들어가 과일&채소를 달콤하게 즐길 수 있는 음료",190 ml,90,0.1,1,0.7,0,45,16,0,0,20
스퀴즈드 오렌지 주스 100ML,Squeezed Orange Juice 100ML,통오렌지를 착즙해 스페인 네이블 오렌지의 맛이그대로 느껴지는 프리미엄 주스,100 ml,50,0,1,0,0,0,9,0,0,12
케일 클렌즈 190ML,Kale Cleanse Juice 190ML,"과일 및 채소를 착즙하여 만든 주스!케일, 셀러리, 오이가 들어가 과일&채소를 건강하게 즐길 수 있는 음료",190 ml,90,0.2,1,0.9,0,15,15,0,0,19
딸기주스 190ML,Strawberry Juice 190ML,달콤한 국내산 딸기의 과육이 듬뿍 느껴지는 주스,190 ml,110,0,0,0.6,0,30,25,0,0,27
망고주스 190ML,Mango Juice 190ML,노랗게 익은 열대과일 망고가 입안 가득 느껴지는 주스,190 ml,117,0,1,0,0,15,23,0,0,27
수박 주스 190ML,Watermelon Juice 190ML,동남아의 땡모반과 같이수박 특유의 달콤함과 청량함이입안 가득 느껴지는 주스,190 ml,100,0,1,0,0,15,20,0,0,24
유기농 오렌지 100% 주스 190ML,Organic Orange 100% Juice 190ML,"프리미엄 유기농 오렌지 주스로스페인산 오렌지 착즙!오렌지 그대로 100% 담긴 3개 분량물, 설탕, 첨가물 없는 오렌지 그대로의 맛",190 ml,95,0,2,0.6,0,5,20,0,0,20
케일&사과주스 190ML,Kale&Apple Juice 190ML,국내산 케일과 사과의 달콤함이 조화로운 녹색 주스,190 ml,105,0,0,0,0,25,26,0,0,26
한라봉주스 190ML,Hallabong Juice 190ML,새콤달콤한 황금빛 제주 한라봉을 그대로 담아낸 주스,190 ml,88,0,1,0,0,10,20,0,0,21
햇사과 주스 190ML,Newly Harvested Apple Juice 190ML,달콤새콤한 햇사과 1개 반을 껍질 그대로 착즙한 사과 주스,190 ml,113,0,0.2,0,0,10,27,0,0,28
딸기 가득 요거트 190ML,Strawberry Yogurt 190ML,상큼 달콤 딸기 과육이 한가득 씹히는 마시는 요거트 음료,190 ml,155,3.2,4,5,0.2,50,21,0,15,23
블루베리 요거트 190ML,Blueberry Yogurt 190ML,블루베리 과육이 입안 가득 느껴지는 마시는 요거트,190 ml,155,3.6,5,6,0.2,70,18,0,20,21
클래식 뱅쇼 히비스커스 티,Classic Vin Chaud Hibiscus Tea,크리스마스 무드를 즐기기 가장 좋은 음료진한 레드 와인 베이스에 뱅쇼와 가장 잘 어울리는 과일을 더한 클래식한 뱅쇼뱅쇼 베이스에 과일을 절여 과일에서도 뱅쇼 풍미를 풍부하게 느끼실 수 있습니다.카페인 프리로 언제든 부담 없이 즐기기 좋은 티 음료,Tall(톨) /355ml,205,0,0,0.1,0,10,41,0,0,51
아이스 클래식 뱅쇼 히비스커스 티,Iced Classic Vin Chaud Hibiscus Tea,크리스마스 무드를 즐기기 가장 좋은 음료진한 레드 와인 베이스에 뱅쇼와 가장 잘 어울리는 과일을 더한 클래식한 뱅쇼뱅쇼 베이스에 과일을 절여 과일에서도 뱅쇼 풍미를 풍부하게 느끼실 수 있습니다.카페인 프리로 언제든 부담 없이 즐기기 좋은 티 음료,Tall(톨) /355ml,150,0,0,0.1,0,10,31,0,0,38
캐모마일 허니 티 라떼,Chamomile Honey Tea Latte,캐모마일 티의 은은한 꽃향기에 꿀의 부드러움이 더해져포근하게 즐기기 좋은 음료카페인 프리로 언제든 부담 없이 즐기기 좋은 티 라떼,Tall(톨) /355ml,170,3.2,5,5,0,80,24,0,15,25
아이스 캐모마일 허니 티 라떼,Iced Chamomile Honey Tea Latte,캐모마일 티의 은은한 꽃향기에 꿀의 부드러움이 더해져포근하게 즐기기 좋은 음료카페인 프리로 언제든 부담 없이 즐기기 좋은 티 라떼,Tall(톨) /355ml,155,2.7,4,4.5,0,70,23,0,15,24
아이스 윈터 스카치 바닐라 라떼,Iced Winter Scotch Vanilla Latte,"겨울에 즐기기 완벽한 라떼,버터 스카치 풍미에 진한 에스프레소와버터 스카치 커피 크림이 더해져커피의 풍미를 더 진하게 즐길 수 있는 음료",Tall(톨) /355ml,235,7,6,11,0,140,22,100,20,29
윈터 스카치 바닐라 라떼,Winter Scotch Vanilla Latte,"겨울에 즐기기 완벽한 라떼,버터 스카치 풍미에 진한 에스프레소와버터 스카치 커피 크림이 더해져커피의 풍미를 더 진하게 즐길 수 있는 음료",Tall(톨) /355ml,280,9,8,13,0,180,26,100,25,33
토피 넛 라떼,Toffee Nut Latte,"스타벅스의 겨울 시그니처 음료버터 향이 은은하게 느껴지는 토피와 고소한 견과류의 풍미,진한 에스프레소가 어우러진 크리스마스 시즌 음료",Tall(톨) /355ml,285,10,8,13,0,220,31,75,25,33
아이스 토피 넛 라떼,Iced Toffee Nut Latte,"스타벅스의 겨울 시그니처 음료버터 향이 은은하게 느껴지는 토피와 고소한 견과류의 풍미,진한 에스프레소가 어우러진 크리스마스 시즌 음료",Tall(톨) /355ml,255,10,6,13,0,180,28,75,20,29
아이스 핑크 팝 캐모마일 릴렉서,Iced Pink Pop Chamomile Relaxer,"크리스마스에 어울리는 샴페인 한잔과 같은 캐모마일 릴렉서!리치, 레몬그라스, 캐모마일의 차분하면서도 새콤달콤한 조합크리스마스 오너먼트가 떠오르는핑크 리치 보바로 팝! 터지는 식감의 재미와 리치 풍미를 더했습니다",Tall(톨) /355ml,140,0,0,0,0,10,25,1,0,35
핑크 팝 캐모마일 릴렉서,Pink Pop Chamomile Relaxer,"크리스마스에 어울리는 샴페인 한잔과 같은 캐모마일 릴렉서!리치, 레몬그라스, 캐모마일의 차분하면서도 새콤달콤한 조합크리스마스 오너먼트가 떠오르는 핑크 리치 보바로팝! 터지는 식감의 재미와 리치 풍미를 더했습니다",Tall(톨) /355ml,215,0,0,0,0,15,38,2,0,53
코코 말차,Coco Malcha,수분 보충에 좋은 코코넛 워터에진한 말차 풍미 가득한 폼을 더해가볍고 깔끔하게 즐기기 좋은 음료말차 폼과 코코넛 워터를 잘 섞어 드시면더욱 조화롭게 즐기실 수 있습니다.,Tall(톨) /355ml,145,3.4,2,4.1,0,60,20,43,0,24
월리 체리 푸딩 크림 프라푸치노,Wally Cherry Pudding Cream Frappuccino,"체리와 우유, 블루 바닐라 푸딩이 더해져체리의 상큼함과 바닐라의 부드러움이조화롭게 느껴지는 프라푸치노음료로 완성된 월리 그 자체!",Tall(톨) /355ml,305,13,4,17,0,170,30,0,20,34
